nb_processes,n,e_total,e_pot,e_kin
1,923,-3129.540813137608893,-3129.545342113758124,0.004528976149170
1,923,-3129.540855793305582,-3130.081887631428799,0.541031838123442
1,923,-3129.540960719555187,-3131.447155810945333,1.906195091390015
1,923,-3129.541106157558261,-3133.475986745971568,3.934880588413330
1,923,-3129.541265299007591,-3135.938218067264643,6.396952768257218
1,923,-3129.541410940496462,-3138.581737411544964,9.040326471048438
1,923,-3129.541521440466568,-3141.175182025204776,11.633660584738355
1,923,-3129.541584697135931,-3143.541727523156624,14.000142826020467
1,923,-3129.541600489840221,-3145.577754787853792,16.036154298013724
1,923,-3129.541581467414289,-3147.252443008733280,17.710861541318838
1,923,-3129.541548131644049,-3148.588283772696286,19.046735641052411
1,923,-3129.541519934597090,-3149.629625872569704,20.088105937972387
1,923,-3129.541504941500079,-3150.413514733244028,20.872009791744119
1,923,-3129.541497629784317,-3150.957207282223862,21.415709652439531
1,923,-3129.541483997268642,-3151.266656194065945,21.725172196797317
1,923,-3129.541453113953139,-3151.356750749310777,21.815297635357535
1,923,-3129.541404092736229,-3151.267875097634715,21.726471004898336
1,923,-3129.541345779007315,-3151.068144820277666,21.526799041270440
1,923,-3129.541291100682429,-3150.841017427012957,21.299726326330344
1,923,-3129.541250833474805,-3150.665944532339381,21.124693698864505
1,923,-3129.541230727219045,-3150.601259300654419,21.060028573435517
1,923,-3129.541231659166442,-3150.674647024391561,21.133415365225062
1,923,-3129.541250990816934,-3150.881396912145647,21.340145921328585
1,923,-3129.541284698703748,-3151.187764974045422,21.646480275341581
1,923,-3129.541328134483138,-3151.536933611712811,21.995605477229805
1,923,-3129.541375626845820,-3151.856596380315295,22.315220753469383
1,923,-3129.541420355737500,-3152.068268438215455,22.526848082478100
1,923,-3129.541454896731921,-3152.098363709177647,22.556908812445762
1,923,-3129.541472176688330,-3151.890213380412206,22.348741203724053
1,923,-3129.541467587765510,-3151.415061268193767,21.873593680428090
1,923,-3129.541440795384460,-3150.679101622878079,21.137660827493555
1,923,-3129.541397319620046,-3149.723387244104288,20.181989924484132
1,923,-3129.541348331159043,-3148.614657837700179,19.073309506541094
1,923,-3129.541306710665140,-3147.428181912764558,17.886875202099347
1,923,-3129.541282669705197,-3146.227672829543735,16.686390159838410
1,923,-3129.541278827477527,-3145.049981957672117,15.508703130194505
1,923,-3129.541288377112323,-3143.901429378100602,14.360141000988378
1,923,-3129.541298351957721,-3142.767968305985050,13.226669954027155
1,923,-3129.541295395559246,-3141.634940285574885,12.093644890015661
1,923,-3129.541272290898632,-3140.507277418874764,10.966005127976285
1,923,-3129.541231707094539,-3139.420335497859469,9.879103790765051
1,923,-3129.541185249950559,-3138.435733452305158,8.894548202354640
1,923,-3129.541147801918214,-3137.623842738824351,8.082694936905931
1,923,-3129.541130672633699,-3137.041229288820432,7.500098616186948
1,923,-3129.541137110484215,-3136.713366599206893,7.172229488722676
1,923,-3129.541162844333030,-3136.629048553753364,7.087885709420329
1,923,-3129.541199354863693,-3136.746401657605929,7.205202302742212
1,923,-3129.541237096636451,-3137.005946251229943,7.464709154593473
1,923,-3129.541268241078797,-3137.345376969934478,7.804108728855795
1,923,-3129.541288206427907,-3137.712011685026937,8.170723478599065
1,923,-3129.541295868913949,-3138.070477806640156,8.529181937726147
1,923,-3129.541293457763004,-3138.404768070245154,8.863474612482261
1,923,-3129.541284653613729,-3138.715412614536945,9.174127960923002
1,923,-3129.541273327633917,-3139.013884003319617,9.472610675685626
1,923,-3129.541262088951498,-3139.316761590263923,9.775499501312584
1,923,-3129.541252653712036,-3139.641293842146297,10.100041188434133
1,923,-3129.541246349101129,-3140.002445070711474,10.461198721610359
1,923,-3129.541244395416470,-3140.410574847294356,10.869330451877742
1,923,-3129.541247968789776,-3140.869235035852398,11.327987067062526
1,923,-3129.541256990006332,-3141.373589201122741,11.832332211116391
1,923,-3129.541270001748671,-3141.910512889427991,12.369242887679238
1,923,-3129.541284268334948,-3142.460951621118511,12.919667352783602
1,923,-3129.541296923735445,-3143.004035291852233,13.462738368116590
1,923,-3129.541305632168587,-3143.521627738167354,13.980322105998981
1,923,-3129.541309198625186,-3144.001964859733107,14.460655661107726
1,923,-3129.541307427709398,-3144.441659923766565,14.900352496057277
1,923,-3129.541300941710233,-3144.846080691694624,15.304779749984421
1,923,-3129.541290869157820,-3145.228443157791844,15.687152288633811
1,923,-3129.541279141999894,-3145.607843892376877,16.066564750376791
1,923,-3129.541268408939231,-3146.006162427891468,16.464894018952169
1,923,-3129.541262079822445,-3146.443719884381153,16.902457804558637
1,923,-3129.541263675940627,-3146.933978096070859,17.392714420130126
1,923,-3129.541275545509507,-3147.478249983722890,17.936974438213447
1,923,-3129.541298479635770,-3148.061932678281664,18.520634198645944
1,923,-3129.541330374734116,-3148.653754705362189,19.112424330628080
1,923,-3129.541367165495103,-3149.208859001542805,19.667491836047795
1,923,-3129.541403142422496,-3149.675453790724532,20.134050648301979
1,923,-3129.541432447504576,-3150.003672500372886,20.462240052868239
1,923,-3129.541450863394857,-3150.154512864199660,20.613062000804639
1,923,-3129.541456453574028,-3150.106538451630968,20.565081998057082
1,923,-3129.541450112387793,-3149.858632540900999,20.317182428513227
1,923,-3129.541434696914621,-3149.428501718279676,19.887067021365169
1,923,-3129.541413309138534,-3148.848348573838848,19.306935264700179
1,923,-3129.541387805872091,-3148.160104400045384,18.618716594173492
1,923,-3129.541359700000157,-3147.411887636700158,17.870527936699897
1,923,-3129.541331397577778,-3146.655211301965210,17.113879904387481
1,923,-3129.541307598570711,-3145.940755415997955,16.399447817427468
1,923,-3129.541294143071354,-3145.311200719173939,15.769906576102560
1,923,-3129.541295180008547,-3144.792600618606684,15.251305438598280
1,923,-3129.541310333489037,-3144.388464571867189,14.847154238378035
1,923,-3129.541334361854751,-3144.080466467176848,14.539132105321869
1,923,-3129.541359124839346,-3143.836456538996572,14.295097414157429
1,923,-3129.541376959437002,-3143.622747766848988,14.081370807411901
1,923,-3129.541383422588297,-3143.415794421154715,13.874410998566381
1,923,-3129.541379077478268,-3143.208844025146391,13.667464947668250
1,923,-3129.541368564684490,-3143.011293303199636,13.469924738515335
1,923,-3129.541358032630342,-3142.841710743684416,13.300352711054234
1,923,-3129.541351651938385,-3142.718693704321595,13.177342052383011
1,923,-3129.541349694295604,-3142.654700471875913,13.113350777580099
1,923,-3129.541350226292707,-3142.655241330421632,13.113891104128808
1,923,-3129.541351712277446,-3142.721360479055420,13.180008766778172
1,923,-3129.541354239478096,-3142.851609003583235,13.310254764104972
1,923,-3129.541358128456523,-3143.042111151969948,13.500753023513262
1,923,-3129.541363201716649,-3143.286149523895801,13.744786322178928
1,923,-3129.541369398389179,-3143.574388942558471,14.033019544169477
1,923,-3129.541377295858638,-3143.895032768573401,14.353655472714959
1,923,-3129.541387450210550,-3144.233215501149061,14.691828050938387
1,923,-3129.541399165077564,-3144.570475063724189,15.029075898646678
1,923,-3129.541410485040615,-3144.885747342199465,15.344336857159032
1,923,-3129.541418557566431,-3145.158445151554588,15.617026593988221
1,923,-3129.541420361242217,-3145.372991358528907,15.831570997286473
1,923,-3129.541414221057039,-3145.523377834046187,15.981963612989095
1,923,-3129.541400159845125,-3145.616023803306234,16.074623643460988
1,923,-3129.541380689039670,-3145.669545598848345,16.128164909808536
1,923,-3129.541360074223576,-3145.710961675004910,16.169601600781462
1,923,-3129.541343620399857,-3145.768941820082546,16.227598199682738
1,923,-3129.541336044545460,-3145.865601733548374,16.324265689002686
1,923,-3129.541340268548993,-3146.009022324537909,16.467682055989094
1,923,-3129.541355696287610,-3146.189034105723749,16.647678409436168
1,923,-3129.541377890074727,-3146.378411948164739,16.837034058089902
1,923,-3129.541399328722036,-3146.540098334783579,16.998699006061621
1,923,-3129.541412207032863,-3146.638754856825926,17.097342649793177
1,923,-3129.541411286180846,-3146.652825168393065,17.111413882212446
1,923,-3129.541396128308406,-3146.582480499649591,17.041084371341270
1,923,-3129.541371785657702,-3146.449957229093343,16.908585443435506
1,923,-3129.541346568972131,-3146.291739031575162,16.750392462603028
1,923,-3129.541328798878567,-3146.145603886095614,16.604275087217239
1,923,-3129.541323155596729,-3146.037859063324504,16.496535907727726
1,923,-3129.541329576217322,-3145.975762353654318,16.434432777436857
1,923,-3129.541343859303197,-3145.947393443531382,16.406049584228391
1,923,-3129.541360300800534,-3145.927745440235867,16.386385139435177
1,923,-3129.541373995630693,-3145.887458945532671,16.346084949901957
1,923,-3129.541382222811535,-3145.800512722309577,16.259130499497996
1,923,-3129.541383937407318,-3145.648952287868269,16.107568350460873
1,923,-3129.541379166187653,-3145.424836964823044,15.883457798635400
1,923,-3129.541368503711510,-3145.130478536834744,15.589110033123166
1,923,-3129.541353461038398,-3144.777500991507168,15.236147530468664
1,923,-3129.541336683042573,-3144.384420303877960,14.843083620835376
1,923,-3129.541321301478547,-3143.972601508483422,14.431280207004818
1,923,-3129.541309555703265,-3143.561608142443220,14.020298586739768
1,923,-3129.541301783875042,-3143.165872832414607,13.624571048539451
1,923,-3129.541296613024315,-3142.794167698265937,13.252871085241498
1,923,-3129.541291862459275,-3142.451740731374230,12.910448868914976
1,923,-3129.541286089428013,-3142.143473106000783,12.602187016572765
1,923,-3129.541279334642695,-3141.876059443793565,12.334780109150726
1,923,-3129.541272949036284,-3141.658061640670894,12.116788691634456
1,923,-3129.541268681990005,-3141.497999324535158,11.956730642545001
1,923,-3129.541268003625191,-3141.401600396035064,11.860332392409934
1,923,-3129.541271693074123,-3141.369480099666362,11.828208406592433
1,923,-3129.541279827716153,-3141.395919651995428,11.854639824279271
1,923,-3129.541292225307643,-3141.468659444145942,11.927367218838201
1,923,-3129.541307948031772,-3141.569401956569891,12.028094008538183
1,923,-3129.541325374943426,-3141.675183559012567,12.133858184069060
1,923,-3129.541341444696172,-3141.761276200194970,12.219934755498713
1,923,-3129.541352091936915,-3141.806037206118162,12.264685114181436
1,923,-3129.541353595319833,-3141.797018858471347,12.255665263151352
1,923,-3129.541344225528064,-3141.736393424319886,12.195049198791990
1,923,-3129.541325564570798,-3141.643216627582660,12.101891063011758
1,923,-3129.541302651045044,-3141.550671741133556,12.009369090088555
1,923,-3129.541282730876901,-3141.498091300449232,11.956808569572487
1,923,-3129.541272862706137,-3141.519693923792147,11.978421061086131
1,923,-3129.541277481846919,-3141.633693629853497,12.092416148006777
1,923,-3129.541296509421954,-3141.835787629749575,12.294491120327828
1,923,-3129.541324930597511,-3142.099661616035519,12.558336685437963
1,923,-3129.541354863875767,-3142.384648188616666,12.843293324740875
1,923,-3129.541377838930202,-3142.648091535333606,13.106713696403308
1,923,-3129.541388094509784,-3142.858234954591353,13.316846860081583
1,923,-3129.541384242174445,-3143.003174621925609,13.461790379750973
1,923,-3129.541369513612608,-3143.092946858445430,13.551577344832832
1,923,-3129.541349822563006,-3143.154701101565479,13.613351279002353
1,923,-3129.541331075953622,-3143.223710049947385,13.682378973993627
1,923,-3129.541317858461753,-3143.333983843024271,13.792665984562632
1,923,-3129.541312929340620,-3143.511034310528430,13.969721381187803
1,923,-3129.541317917250126,-3143.767252282693335,14.225934365443077
1,923,-3129.541333234211379,-3144.099341995818577,14.558008761607342
1,923,-3129.541357240579146,-3144.487891238314205,14.946533997735038
1,923,-3129.541385712976989,-3144.900142549007796,15.358756836030981
1,923,-3129.541412734774894,-3145.296635620857614,15.755222886082553
1,923,-3129.541432722473928,-3145.640368109314295,16.098935386840154
1,923,-3129.541442954899594,-3145.905162555265633,16.363719600365872
1,923,-3129.541443857633567,-3146.080039581564051,16.538595723930698
1,923,-3129.541437726981258,-3146.168792228510938,16.627354501529865
1,923,-3129.541426845583828,-3146.186674231433244,16.645247385849459
1,923,-3129.541412272393700,-3146.156990915407732,16.615578643013926
1,923,-3129.541394547130949,-3146.109059189981053,16.567664642850215
1,923,-3129.541375463457371,-3146.076771675112468,16.535396211654991
1,923,-3129.541359727567396,-3146.095251696305695,16.553891968738434
1,923,-3129.541355219558682,-3146.193018598595700,16.651663379037050
1,923,-3129.541369015659711,-3146.380108389856105,16.838739374196436
1,923,-3129.541401224569654,-3146.638104785818541,17.096703561248958
1,923,-3129.541442391176588,-3146.920723092931894,17.379280701755512
1,923,-3129.541478305146939,-3147.168183725410017,17.626705420263207
1,923,-3129.541498065184896,-3147.328605413174046,17.787107347989149
1,923,-3129.541498750231767,-3147.374782736802445,17.833283986570798
1,923,-3129.541485428366741,-3147.308794175241928,17.767308746875244
1,923,-3129.541466746502010,-3147.154773217075672,17.613306470573566
1,923,-3129.541450567775428,-3146.945711087182190,17.404260519406726
1,923,-3129.541441319287514,-3146.711147012492347,17.169705693204993
1,923,-3129.541439777829964,-3146.469936470556604,16.928496692726839
1,923,-3129.541444509130997,-3146.228511534482550,16.687067025351734
2,923,-3129.540813137607984,-3129.545342113757215,0.004528976149170
2,923,-3129.540855793305582,-3130.081887631428799,0.541031838123442
2,923,-3129.540960719555187,-3131.447155810945333,1.906195091390016
2,923,-3129.541106157557806,-3133.475986745971113,3.934880588413329
2,923,-3129.541265299008501,-3135.938218067265552,6.396952768257218
2,923,-3129.541410940496462,-3138.581737411544964,9.040326471048438
2,923,-3129.541521440466568,-3141.175182025204776,11.633660584738358
2,923,-3129.541584697136841,-3143.541727523157533,14.000142826020468
2,923,-3129.541600489840675,-3145.577754787854246,16.036154298013717
2,923,-3129.541581467416108,-3147.252443008735099,17.710861541318835
2,923,-3129.541548131642230,-3148.588283772694467,19.046735641052408
2,923,-3129.541519934597545,-3149.629625872569704,20.088105937972383
2,923,-3129.541504941500534,-3150.413514733244483,20.872009791744116
2,923,-3129.541497629787045,-3150.957207282226591,21.415709652439531
2,923,-3129.541483997267733,-3151.266656194065035,21.725172196797313
2,923,-3129.541453113953139,-3151.356750749310777,21.815297635357535
2,923,-3129.541404092737139,-3151.267875097635624,21.726471004898336
2,923,-3129.541345779007315,-3151.068144820277666,21.526799041270444
2,923,-3129.541291100682429,-3150.841017427012957,21.299726326330337
2,923,-3129.541250833476624,-3150.665944532341200,21.124693698864498
2,923,-3129.541230727217226,-3150.601259300652600,21.060028573435506
2,923,-3129.541231659165533,-3150.674647024390651,21.133415365225055
2,923,-3129.541250990817389,-3150.881396912146101,21.340145921328570
2,923,-3129.541284698705113,-3151.187764974046786,21.646480275341581
2,923,-3129.541328134482683,-3151.536933611712357,21.995605477229795
2,923,-3129.541375626845365,-3151.856596380314841,22.315220753469376
2,923,-3129.541420355737046,-3152.068268438215000,22.526848082478114
2,923,-3129.541454896733740,-3152.098363709179466,22.556908812445762
2,923,-3129.541472176688330,-3151.890213380412206,22.348741203724039
2,923,-3129.541467587767784,-3151.415061268196041,21.873593680428083
2,923,-3129.541440795383096,-3150.679101622876715,21.137660827493548
2,923,-3129.541397319620501,-3149.723387244104742,20.181989924484107
2,923,-3129.541348331158133,-3148.614657837699269,19.073309506541083
2,923,-3129.541306710666959,-3147.428181912766377,17.886875202099340
2,923,-3129.541282669703378,-3146.227672829541916,16.686390159838410
2,923,-3129.541278827475253,-3145.049981957669843,15.508703130194505
2,923,-3129.541288377113688,-3143.901429378101966,14.360141000988381
2,923,-3129.541298351956812,-3142.767968305984141,13.226669954027162
2,923,-3129.541295395557427,-3141.634940285573066,12.093644890015680
2,923,-3129.541272290900451,-3140.507277418876583,10.966005127976310
2,923,-3129.541231707093175,-3139.420335497858105,9.879103790765065
2,923,-3129.541185249950104,-3138.435733452304703,8.894548202354644
2,923,-3129.541147801916395,-3137.623842738822532,8.082694936905927
2,923,-3129.541130672633699,-3137.041229288820432,7.500098616186942
2,923,-3129.541137110483760,-3136.713366599206438,7.172229488722669
2,923,-3129.541162844334849,-3136.629048553755183,7.087885709420333
2,923,-3129.541199354861874,-3136.746401657604110,7.205202302742225
2,923,-3129.541237096636451,-3137.005946251229943,7.464709154593499
2,923,-3129.541268241078797,-3137.345376969934478,7.804108728855821
2,923,-3129.541288206426543,-3137.712011685025573,8.170723478599095
2,923,-3129.541295868913494,-3138.070477806639701,8.529181937726175
2,923,-3129.541293457764368,-3138.404768070246519,8.863474612482287
2,923,-3129.541284653611910,-3138.715412614535126,9.174127960923016
2,923,-3129.541273327632098,-3139.013884003317798,9.472610675685633
2,923,-3129.541262088949225,-3139.316761590261649,9.775499501312579
2,923,-3129.541252653712945,-3139.641293842147206,10.100041188434131
2,923,-3129.541246349101584,-3140.002445070711929,10.461198721610348
2,923,-3129.541244395417834,-3140.410574847295720,10.869330451877737
2,923,-3129.541247968788412,-3140.869235035851034,11.327987067062526
2,923,-3129.541256990007241,-3141.373589201123650,11.832332211116396
2,923,-3129.541270001748671,-3141.910512889427991,12.369242887679249
2,923,-3129.541284268335403,-3142.460951621118966,12.919667352783605
2,923,-3129.541296923734080,-3143.004035291850869,13.462738368116591
2,923,-3129.541305632166313,-3143.521627738165080,13.980322105998987
2,923,-3129.541309198623821,-3144.001964859731743,14.460655661107728
2,923,-3129.541307427708489,-3144.441659923765656,14.900352496057273
2,923,-3129.541300941712052,-3144.846080691696443,15.304779749984412
2,923,-3129.541290869157365,-3145.228443157791389,15.687152288633806
2,923,-3129.541279141997620,-3145.607843892374603,16.066564750376791
2,923,-3129.541268408939686,-3146.006162427891923,16.464894018952165
2,923,-3129.541262079824719,-3146.443719884383427,16.902457804558640
2,923,-3129.541263675939717,-3146.933978096069950,17.392714420130140
2,923,-3129.541275545509507,-3147.478249983722890,17.936974438213458
2,923,-3129.541298479633497,-3148.061932678279391,18.520634198645954
2,923,-3129.541330374735026,-3148.653754705363099,19.112424330628084
2,923,-3129.541367165497377,-3149.208859001545079,19.667491836047802
2,923,-3129.541403142420677,-3149.675453790722713,20.134050648301979
2,923,-3129.541432447504576,-3150.003672500372886,20.462240052868239
2,923,-3129.541450863394402,-3150.154512864199205,20.613062000804653
2,923,-3129.541456453574028,-3150.106538451630968,20.565081998057110
2,923,-3129.541450112386883,-3149.858632540900089,20.317182428513256
2,923,-3129.541434696913257,-3149.428501718278312,19.887067021365223
2,923,-3129.541413309139443,-3148.848348573839758,19.306935264700229
2,923,-3129.541387805872546,-3148.160104400046293,18.618716594173545
2,923,-3129.541359699999703,-3147.411887636699703,17.870527936699929
2,923,-3129.541331397577324,-3146.655211301964755,17.113879904387510
2,923,-3129.541307598571166,-3145.940755415998865,16.399447817427475
2,923,-3129.541294143072264,-3145.311200719174849,15.769906576102567
2,923,-3129.541295180009001,-3144.792600618607139,15.251305438598278
2,923,-3129.541310333487672,-3144.388464571865825,14.847154238378028
2,923,-3129.541334361852023,-3144.080466467174119,14.539132105321871
2,923,-3129.541359124838436,-3143.836456538995662,14.295097414157429
2,923,-3129.541376959436093,-3143.622747766848079,14.081370807411909
2,923,-3129.541383422586932,-3143.415794421153350,13.874410998566383
2,923,-3129.541379077478268,-3143.208844025146391,13.667464947668254
2,923,-3129.541368564684035,-3143.011293303199182,13.469924738515338
2,923,-3129.541358032631251,-3142.841710743685326,13.300352711054243
2,923,-3129.541351651941113,-3142.718693704324323,13.177342052383020
2,923,-3129.541349694296969,-3142.654700471877277,13.113350777580113
2,923,-3129.541350226292707,-3142.655241330421632,13.113891104128818
2,923,-3129.541351712278356,-3142.721360479056329,13.180008766778187
2,923,-3129.541354239478551,-3142.851609003583690,13.310254764104990
2,923,-3129.541358128453794,-3143.042111151967219,13.500753023513276
2,923,-3129.541363201718468,-3143.286149523897620,13.744786322178939
2,923,-3129.541369398388269,-3143.574388942557562,14.033019544169495
2,923,-3129.541377295859547,-3143.895032768574310,14.353655472714969
2,923,-3129.541387450212369,-3144.233215501150880,14.691828050938376
2,923,-3129.541399165076655,-3144.570475063723279,15.029075898646656
2,923,-3129.541410485042434,-3144.885747342201284,15.344336857158995
2,923,-3129.541418557565521,-3145.158445151553678,15.617026593988191
2,923,-3129.541420361244491,-3145.372991358531181,15.831570997286462
2,923,-3129.541414221058403,-3145.523377834047551,15.981963612989087
2,923,-3129.541400159846035,-3145.616023803307144,16.074623643460985
2,923,-3129.541380689041944,-3145.669545598850618,16.128164909808532
2,923,-3129.541360074220847,-3145.710961675002181,16.169601600781455
2,923,-3129.541343620400767,-3145.768941820083455,16.227598199682721
2,923,-3129.541336044547279,-3145.865601733549738,16.324265689002658
2,923,-3129.541340268548538,-3146.009022324537455,16.467682055989052
2,923,-3129.541355696287155,-3146.189034105723294,16.647678409436125
2,923,-3129.541377890077001,-3146.378411948167013,16.837034058089859
2,923,-3129.541399328720672,-3146.540098334782215,16.998699006061571
2,923,-3129.541412207033773,-3146.638754856826836,17.097342649793120
2,923,-3129.541411286180846,-3146.652825168393065,17.111413882212375
2,923,-3129.541396128306133,-3146.582480499647318,17.041084371341185
2,923,-3129.541371785657248,-3146.449957229092433,16.908585443435413
2,923,-3129.541346568970312,-3146.291739031573343,16.750392462602939
2,923,-3129.541328798877657,-3146.145603886094705,16.604275087217182
2,923,-3129.541323155598548,-3146.037859063326323,16.496535907727690
2,923,-3129.541329576217777,-3145.975762353654773,16.434432777436847
2,923,-3129.541343859302287,-3145.947393443530473,16.406049584228398
2,923,-3129.541360300801898,-3145.927745440237231,16.386385139435191
2,923,-3129.541373995629328,-3145.887458945531307,16.346084949901972
2,923,-3129.541382222811535,-3145.800512722309577,16.259130499498006
2,923,-3129.541383937407772,-3145.648952287868724,16.107568350460866
2,923,-3129.541379166187653,-3145.424836964823044,15.883457798635382
2,923,-3129.541368503712420,-3145.130478536835653,15.589110033123124
2,923,-3129.541353461038398,-3144.777500991507168,15.236147530468589
2,923,-3129.541336683043028,-3144.384420303878414,14.843083620835278
2,923,-3129.541321301478547,-3143.972601508483422,14.431280207004708
2,923,-3129.541309555706448,-3143.561608142445948,14.020298586739672
2,923,-3129.541301783874133,-3143.165872832413697,13.624571048539373
2,923,-3129.541296613024315,-3142.794167698265937,13.252871085241457
2,923,-3129.541291862458820,-3142.451740731373775,12.910448868914973
2,923,-3129.541286089428922,-3142.143473106001693,12.602187016572792
2,923,-3129.541279334642240,-3141.876059443793110,12.334780109150776
2,923,-3129.541272949038103,-3141.658061640672713,12.116788691634502
2,923,-3129.541268681991369,-3141.497999324536522,11.956730642545036
2,923,-3129.541268003624282,-3141.401600396034155,11.860332392409934
2,923,-3129.541271693073213,-3141.369480099665452,11.828208406592406
2,923,-3129.541279827715243,-3141.395919651994518,11.854639824279218
2,923,-3129.541292225309007,-3141.468659444147306,11.927367218838146
2,923,-3129.541307948033591,-3141.569401956571710,12.028094008538140
2,923,-3129.541325374942517,-3141.675183559011657,12.133858184069041
2,923,-3129.541341444694808,-3141.761276200193606,12.219934755498731
2,923,-3129.541352091933277,-3141.806037206114979,12.264685114181482
2,923,-3129.541353595319833,-3141.797018858471347,12.255665263151423
2,923,-3129.541344225528974,-3141.736393424321250,12.195049198792073
2,923,-3129.541325564570798,-3141.643216627582660,12.101891063011831
2,923,-3129.541302651046408,-3141.550671741134920,12.009369090088601
2,923,-3129.541282730877356,-3141.498091300449687,11.956808569572498
2,923,-3129.541272862707956,-3141.519693923793966,11.978421061086095
2,923,-3129.541277481846009,-3141.633693629852587,12.092416148006709
2,923,-3129.541296509423773,-3141.835787629751394,12.294491120327748
2,923,-3129.541324930597057,-3142.099661616035064,12.558336685437887
2,923,-3129.541354863875767,-3142.384648188616666,12.843293324740820
2,923,-3129.541377838930657,-3142.648091535334061,13.106713696403286
2,923,-3129.541388094508875,-3142.858234954590444,13.316846860081593
2,923,-3129.541384242177173,-3143.003174621928338,13.461790379751017
2,923,-3129.541369513612608,-3143.092946858445430,13.551577344832889
2,923,-3129.541349822562097,-3143.154701101564569,13.613351279002414
2,923,-3129.541331075954076,-3143.223710049947840,13.682378973993682
2,923,-3129.541317858462207,-3143.333983843024726,13.792665984562674
2,923,-3129.541312929340165,-3143.511034310527975,13.969721381187821
2,923,-3129.541317917250126,-3143.767252282693335,14.225934365443063
2,923,-3129.541333234212289,-3144.099341995819486,14.558008761607304
2,923,-3129.541357240580510,-3144.487891238315569,14.946533997734974
2,923,-3129.541385712975625,-3144.900142549006432,15.358756836030905
2,923,-3129.541412734777168,-3145.296635620859888,15.755222886082505
2,923,-3129.541432722472109,-3145.640368109312476,16.098935386840175
2,923,-3129.541442954898230,-3145.905162555264269,16.363719600365975
2,923,-3129.541443857634022,-3146.080039581564961,16.538595723930893
2,923,-3129.541437726979893,-3146.168792228510029,16.627354501530121
2,923,-3129.541426845582919,-3146.186674231432789,16.645247385849750
2,923,-3129.541412272393700,-3146.156990915407732,16.615578643014196
2,923,-3129.541394547129585,-3146.109059189980144,16.567664642850417
2,923,-3129.541375463458280,-3146.076771675113378,16.535396211655119
2,923,-3129.541359727566942,-3146.095251696305240,16.553891968738483
2,923,-3129.541355219558227,-3146.193018598595245,16.651663379037018
2,923,-3129.541369015658347,-3146.380108389854740,16.838739374196358
2,923,-3129.541401224572382,-3146.638104785821270,17.096703561248876
2,923,-3129.541442391174769,-3146.920723092930075,17.379280701755462
2,923,-3129.541478305146029,-3147.168183725409108,17.626705420263214
2,923,-3129.541498065182168,-3147.328605413171317,17.787107347989227
2,923,-3129.541498750231312,-3147.374782736802445,17.833283986570958
2,923,-3129.541485428365377,-3147.308794175241019,17.767308746875486
2,923,-3129.541466746502920,-3147.154773217076581,17.613306470573846
2,923,-3129.541450567775883,-3146.945711087183099,17.404260519407003
2,923,-3129.541441319290243,-3146.711147012495530,17.169705693205223
2,923,-3129.541439777829510,-3146.469936470556604,16.928496692726974
2,923,-3129.541444509130542,-3146.228511534482095,16.687067025351759
4,923,-3129.540813137607984,-3129.545342113757215,0.004528976149170
4,923,-3129.540855793305582,-3130.081887631428799,0.541031838123442
4,923,-3129.540960719555642,-3131.447155810945787,1.906195091390016
4,923,-3129.541106157558261,-3133.475986745971568,3.934880588413328
4,923,-3129.541265299007591,-3135.938218067264643,6.396952768257218
4,923,-3129.541410940496462,-3138.581737411544964,9.040326471048438
4,923,-3129.541521440465658,-3141.175182025203867,11.633660584738356
4,923,-3129.541584697136841,-3143.541727523157533,14.000142826020467
4,923,-3129.541600489840675,-3145.577754787854246,16.036154298013717
4,923,-3129.541581467416108,-3147.252443008735099,17.710861541318835
4,923,-3129.541548131642685,-3148.588283772694922,19.046735641052404
4,923,-3129.541519934597545,-3149.629625872569704,20.088105937972379
4,923,-3129.541504941500989,-3150.413514733244938,20.872009791744112
4,923,-3129.541497629786136,-3150.957207282225681,21.415709652439524
4,923,-3129.541483997268188,-3151.266656194065490,21.725172196797303
4,923,-3129.541453113953139,-3151.356750749310777,21.815297635357531
4,923,-3129.541404092736229,-3151.267875097634715,21.726471004898336
4,923,-3129.541345779006406,-3151.068144820276757,21.526799041270447
4,923,-3129.541291100682429,-3150.841017427012957,21.299726326330337
4,923,-3129.541250833477079,-3150.665944532341655,21.124693698864498
4,923,-3129.541230727217226,-3150.601259300652600,21.060028573435513
4,923,-3129.541231659165533,-3150.674647024390651,21.133415365225066
4,923,-3129.541250990817844,-3150.881396912146556,21.340145921328578
4,923,-3129.541284698705113,-3151.187764974046786,21.646480275341588
4,923,-3129.541328134483138,-3151.536933611712811,21.995605477229798
4,923,-3129.541375626845365,-3151.856596380314841,22.315220753469376
4,923,-3129.541420355736591,-3152.068268438214545,22.526848082478107
4,923,-3129.541454896733740,-3152.098363709179466,22.556908812445755
4,923,-3129.541472176689240,-3151.890213380413115,22.348741203724046
4,923,-3129.541467587766874,-3151.415061268195132,21.873593680428087
4,923,-3129.541440795382641,-3150.679101622876260,21.137660827493555
4,923,-3129.541397319620501,-3149.723387244104742,20.181989924484125
4,923,-3129.541348331158133,-3148.614657837699269,19.073309506541086
4,923,-3129.541306710665594,-3147.428181912765012,17.886875202099347
4,923,-3129.541282669702468,-3146.227672829541007,16.686390159838410
4,923,-3129.541278827475708,-3145.049981957670298,15.508703130194505
4,923,-3129.541288377113688,-3143.901429378101966,14.360141000988374
4,923,-3129.541298351956357,-3142.767968305983686,13.226669954027152
4,923,-3129.541295395558336,-3141.634940285573975,12.093644890015662
4,923,-3129.541272290899542,-3140.507277418875674,10.966005127976288
4,923,-3129.541231707094084,-3139.420335497859014,9.879103790765052
4,923,-3129.541185249950104,-3138.435733452304703,8.894548202354642
4,923,-3129.541147801916395,-3137.623842738822532,8.082694936905932
4,923,-3129.541130672633699,-3137.041229288820432,7.500098616186950
4,923,-3129.541137110484215,-3136.713366599206893,7.172229488722680
4,923,-3129.541162844334394,-3136.629048553754728,7.087885709420338
4,923,-3129.541199354863238,-3136.746401657605475,7.205202302742221
4,923,-3129.541237096636451,-3137.005946251229943,7.464709154593486
4,923,-3129.541268241079251,-3137.345376969934932,7.804108728855802
4,923,-3129.541288206427453,-3137.712011685026482,8.170723478599070
4,923,-3129.541295868914858,-3138.070477806641065,8.529181937726149
4,923,-3129.541293457763913,-3138.404768070246064,8.863474612482262
4,923,-3129.541284653611910,-3138.715412614535126,9.174127960923002
4,923,-3129.541273327633007,-3139.013884003318708,9.472610675685626
4,923,-3129.541262088950134,-3139.316761590262558,9.775499501312581
4,923,-3129.541252653712945,-3139.641293842147206,10.100041188434133
4,923,-3129.541246349101584,-3140.002445070711929,10.461198721610357
4,923,-3129.541244395417834,-3140.410574847295720,10.869330451877740
4,923,-3129.541247968788412,-3140.869235035851034,11.327987067062523
4,923,-3129.541256990007241,-3141.373589201123650,11.832332211116391
4,923,-3129.541270001749581,-3141.910512889428901,12.369242887679231
4,923,-3129.541284268335403,-3142.460951621118966,12.919667352783586
4,923,-3129.541296923733626,-3143.004035291850414,13.462738368116572
4,923,-3129.541305632167223,-3143.521627738165989,13.980322105998965
4,923,-3129.541309198624731,-3144.001964859732652,14.460655661107708
4,923,-3129.541307427707579,-3144.441659923764746,14.900352496057259
4,923,-3129.541300941711143,-3144.846080691695533,15.304779749984398
4,923,-3129.541290869158274,-3145.228443157791844,15.687152288633786
4,923,-3129.541279141997165,-3145.607843892374149,16.066564750376777
4,923,-3129.541268408940141,-3146.006162427892377,16.464894018952148
4,923,-3129.541262079824719,-3146.443719884383427,16.902457804558630
4,923,-3129.541263675939717,-3146.933978096069950,17.392714420130133
4,923,-3129.541275545509507,-3147.478249983722890,17.936974438213465
4,923,-3129.541298479633497,-3148.061932678279391,18.520634198645972
4,923,-3129.541330374735026,-3148.653754705363099,19.112424330628109
4,923,-3129.541367165496467,-3149.208859001544170,19.667491836047830
4,923,-3129.541403142421586,-3149.675453790723623,20.134050648302015
4,923,-3129.541432447503666,-3150.003672500371977,20.462240052868275
4,923,-3129.541450863394402,-3150.154512864199205,20.613062000804678
4,923,-3129.541456453573574,-3150.106538451630513,20.565081998057114
4,923,-3129.541450112386883,-3149.858632540900089,20.317182428513242
4,923,-3129.541434696912347,-3149.428501718277403,19.887067021365183
4,923,-3129.541413309139443,-3148.848348573839758,19.306935264700179
4,923,-3129.541387805872091,-3148.160104400045384,18.618716594173478
4,923,-3129.541359699999248,-3147.411887636699248,17.870527936699869
4,923,-3129.541331397577778,-3146.655211301965210,17.113879904387446
4,923,-3129.541307598571620,-3145.940755415998865,16.399447817427422
4,923,-3129.541294143073173,-3145.311200719175758,15.769906576102532
4,923,-3129.541295180009001,-3144.792600618607139,15.251305438598258
4,923,-3129.541310333487672,-3144.388464571865825,14.847154238378025
4,923,-3129.541334361852932,-3144.080466467175029,14.539132105321880
4,923,-3129.541359124840255,-3143.836456538997481,14.295097414157450
4,923,-3129.541376959436093,-3143.622747766848079,14.081370807411940
4,923,-3129.541383422586478,-3143.415794421152896,13.874410998566418
4,923,-3129.541379077479178,-3143.208844025147300,13.667464947668297
4,923,-3129.541368564683580,-3143.011293303199182,13.469924738515385
4,923,-3129.541358032631251,-3142.841710743685326,13.300352711054295
4,923,-3129.541351651940204,-3142.718693704323414,13.177342052383073
4,923,-3129.541349694296969,-3142.654700471877277,13.113350777580161
4,923,-3129.541350226292252,-3142.655241330421177,13.113891104128861
4,923,-3129.541351712277446,-3142.721360479055875,13.180008766778215
4,923,-3129.541354239478096,-3142.851609003583235,13.310254764105004
4,923,-3129.541358128455158,-3143.042111151968584,13.500753023513282
4,923,-3129.541363201718468,-3143.286149523897620,13.744786322178950
4,923,-3129.541369398388724,-3143.574388942558471,14.033019544169528
4,923,-3129.541377295858183,-3143.895032768573401,14.353655472715031
4,923,-3129.541387450211460,-3144.233215501149971,14.691828050938472
4,923,-3129.541399165077564,-3144.570475063724189,15.029075898646781
4,923,-3129.541410485041979,-3144.885747342201284,15.344336857159139
4,923,-3129.541418557566431,-3145.158445151554588,15.617026593988342
4,923,-3129.541420361243581,-3145.372991358530271,15.831570997286597
4,923,-3129.541414221058858,-3145.523377834048006,15.981963612989208
4,923,-3129.541400159844670,-3145.616023803305779,16.074623643461095
4,923,-3129.541380689040579,-3145.669545598849254,16.128164909808632
4,923,-3129.541360074220847,-3145.710961675002181,16.169601600781554
4,923,-3129.541343620400767,-3145.768941820083455,16.227598199682824
4,923,-3129.541336044546370,-3145.865601733549283,16.324265689002768
4,923,-3129.541340268548993,-3146.009022324538364,16.467682055989179
4,923,-3129.541355696288065,-3146.189034105724204,16.647678409436271
4,923,-3129.541377890076092,-3146.378411948166104,16.837034058090008
4,923,-3129.541399328720217,-3146.540098334781760,16.998699006061727
4,923,-3129.541412207033773,-3146.638754856826836,17.097342649793276
4,923,-3129.541411286179482,-3146.652825168392155,17.111413882212517
4,923,-3129.541396128306133,-3146.582480499647318,17.041084371341320
4,923,-3129.541371785656338,-3146.449957229091979,16.908585443435534
4,923,-3129.541346568970766,-3146.291739031573798,16.750392462603038
4,923,-3129.541328798877657,-3146.145603886094705,16.604275087217268
4,923,-3129.541323155598548,-3146.037859063326323,16.496535907727768
4,923,-3129.541329576217322,-3145.975762353654318,16.434432777436932
4,923,-3129.541343859301378,-3145.947393443530018,16.406049584228498
4,923,-3129.541360300801898,-3145.927745440237231,16.386385139435312
4,923,-3129.541373995628874,-3145.887458945530852,16.346084949902114
4,923,-3129.541382222811080,-3145.800512722309122,16.259130499498170
4,923,-3129.541383937407772,-3145.648952287868724,16.107568350461040
4,923,-3129.541379166188563,-3145.424836964823953,15.883457798635568
4,923,-3129.541368503711965,-3145.130478536835199,15.589110033123326
4,923,-3129.541353461038398,-3144.777500991507168,15.236147530468795
4,923,-3129.541336683043482,-3144.384420303878869,14.843083620835483
4,923,-3129.541321301478547,-3143.972601508483422,14.431280207004912
4,923,-3129.541309555706903,-3143.561608142446858,14.020298586739866
4,923,-3129.541301783874133,-3143.165872832413697,13.624571048539554
4,923,-3129.541296613024315,-3142.794167698265937,13.252871085241617
4,923,-3129.541291862458365,-3142.451740731373320,12.910448868915118
4,923,-3129.541286089428013,-3142.143473106000783,12.602187016572920
4,923,-3129.541279334642695,-3141.876059443793565,12.334780109150895
4,923,-3129.541272949037193,-3141.658061640671804,12.116788691634618
4,923,-3129.541268681990005,-3141.497999324535158,11.956730642545150
4,923,-3129.541268003623372,-3141.401600396033245,11.860332392410056
4,923,-3129.541271693072758,-3141.369480099665452,11.828208406592536
4,923,-3129.541279827715243,-3141.395919651994518,11.854639824279355
4,923,-3129.541292225309007,-3141.468659444147306,11.927367218838281
4,923,-3129.541307948032681,-3141.569401956570800,12.028094008538261
4,923,-3129.541325374942062,-3141.675183559011202,12.133858184069144
4,923,-3129.541341444694808,-3141.761276200193606,12.219934755498812
4,923,-3129.541352091933277,-3141.806037206114979,12.264685114181546
4,923,-3129.541353595320288,-3141.797018858471802,12.255665263151482
4,923,-3129.541344225528519,-3141.736393424320795,12.195049198792139
4,923,-3129.541325564570343,-3141.643216627582206,12.101891063011935
4,923,-3129.541302651046408,-3141.550671741135375,12.009369090088757
4,923,-3129.541282730876446,-3141.498091300449232,11.956808569572715
4,923,-3129.541272862707501,-3141.519693923793966,11.978421061086372
4,923,-3129.541277481845555,-3141.633693629852587,12.092416148007025
4,923,-3129.541296509423319,-3141.835787629751394,12.294491120328075
4,923,-3129.541324930596147,-3142.099661616034155,12.558336685438192
4,923,-3129.541354863875767,-3142.384648188616666,12.843293324741078
4,923,-3129.541377838929748,-3142.648091535333151,13.106713696403476
4,923,-3129.541388094508875,-3142.858234954590444,13.316846860081718
4,923,-3129.541384242175354,-3143.003174621926519,13.461790379751086
4,923,-3129.541369513612608,-3143.092946858445430,13.551577344832939
4,923,-3129.541349822561642,-3143.154701101564115,13.613351279002483
4,923,-3129.541331075954076,-3143.223710049947840,13.682378973993810
4,923,-3129.541317858461753,-3143.333983843024726,13.792665984562873
4,923,-3129.541312929339711,-3143.511034310527975,13.969721381188098
4,923,-3129.541317917250126,-3143.767252282693335,14.225934365443408
4,923,-3129.541333234211834,-3144.099341995819486,14.558008761607683
4,923,-3129.541357240579600,-3144.487891238315115,14.946533997735365
4,923,-3129.541385712976080,-3144.900142549007342,15.358756836031263
4,923,-3129.541412734776259,-3145.296635620858979,15.755222886082787
4,923,-3129.541432722472109,-3145.640368109312476,16.098935386840353
4,923,-3129.541442954898230,-3145.905162555264269,16.363719600366025
4,923,-3129.541443857633112,-3146.080039581564051,16.538595723930825
4,923,-3129.541437726979893,-3146.168792228510029,16.627354501529968
4,923,-3129.541426845583828,-3146.186674231433244,16.645247385849562
4,923,-3129.541412272392790,-3146.156990915406823,16.615578643014032
4,923,-3129.541394547130039,-3146.109059189980144,16.567664642850328
4,923,-3129.541375463457371,-3146.076771675112468,16.535396211655119
4,923,-3129.541359727566487,-3146.095251696305240,16.553891968738562
4,923,-3129.541355219557772,-3146.193018598594790,16.651663379037160
4,923,-3129.541369015658802,-3146.380108389855195,16.838739374196543
4,923,-3129.541401224571473,-3146.638104785820360,17.096703561249072
4,923,-3129.541442391174769,-3146.920723092930530,17.379280701755661
4,923,-3129.541478305145574,-3147.168183725409108,17.626705420263388
4,923,-3129.541498065183077,-3147.328605413172227,17.787107347989370
4,923,-3129.541498750230403,-3147.374782736801535,17.833283986571054
4,923,-3129.541485428364922,-3147.308794175240564,17.767308746875525
4,923,-3129.541466746502010,-3147.154773217075672,17.613306470573839
4,923,-3129.541450567774973,-3146.945711087181735,17.404260519406986
4,923,-3129.541441319289333,-3146.711147012494621,17.169705693205231
4,923,-3129.541439777829510,-3146.469936470556604,16.928496692727030
4,923,-3129.541444509130542,-3146.228511534482550,16.687067025351904
8,923,-3129.540813137607984,-3129.545342113757215,0.004528976149170
8,923,-3129.540855793305582,-3130.081887631428799,0.541031838123442
8,923,-3129.540960719555187,-3131.447155810945333,1.906195091390015
8,923,-3129.541106157557351,-3133.475986745970658,3.934880588413329
8,923,-3129.541265299007591,-3135.938218067264643,6.396952768257218
8,923,-3129.541410940496462,-3138.581737411544964,9.040326471048438
8,923,-3129.541521440465658,-3141.175182025203867,11.633660584738356
8,923,-3129.541584697136386,-3143.541727523157078,14.000142826020468
8,923,-3129.541600489840675,-3145.577754787854246,16.036154298013720
8,923,-3129.541581467415199,-3147.252443008734190,17.710861541318835
8,923,-3129.541548131642685,-3148.588283772694922,19.046735641052404
8,923,-3129.541519934597545,-3149.629625872569704,20.088105937972379
8,923,-3129.541504941500534,-3150.413514733244483,20.872009791744116
8,923,-3129.541497629786136,-3150.957207282225681,21.415709652439528
8,923,-3129.541483997268642,-3151.266656194065945,21.725172196797310
8,923,-3129.541453113953139,-3151.356750749310777,21.815297635357531
8,923,-3129.541404092736229,-3151.267875097634715,21.726471004898336
8,923,-3129.541345779007315,-3151.068144820277666,21.526799041270447
8,923,-3129.541291100681519,-3150.841017427012048,21.299726326330337
8,923,-3129.541250833476624,-3150.665944532341200,21.124693698864498
8,923,-3129.541230727217680,-3150.601259300653055,21.060028573435510
8,923,-3129.541231659165533,-3150.674647024390651,21.133415365225062
8,923,-3129.541250990817844,-3150.881396912146556,21.340145921328578
8,923,-3129.541284698705567,-3151.187764974047241,21.646480275341588
8,923,-3129.541328134483138,-3151.536933611712811,21.995605477229795
8,923,-3129.541375626844911,-3151.856596380314386,22.315220753469376
8,923,-3129.541420355736591,-3152.068268438214545,22.526848082478107
8,923,-3129.541454896734194,-3152.098363709179921,22.556908812445755
8,923,-3129.541472176688785,-3151.890213380412661,22.348741203724042
8,923,-3129.541467587766874,-3151.415061268195132,21.873593680428080
8,923,-3129.541440795382641,-3150.679101622876260,21.137660827493551
8,923,-3129.541397319620501,-3149.723387244104742,20.181989924484117
8,923,-3129.541348331158133,-3148.614657837699269,19.073309506541079
8,923,-3129.541306710666049,-3147.428181912765467,17.886875202099343
8,923,-3129.541282669703378,-3146.227672829541916,16.686390159838410
8,923,-3129.541278827476162,-3145.049981957670752,15.508703130194506
8,923,-3129.541288377113688,-3143.901429378101966,14.360141000988381
8,923,-3129.541298351956812,-3142.767968305984141,13.226669954027157
8,923,-3129.541295395558336,-3141.634940285573975,12.093644890015668
8,923,-3129.541272290899542,-3140.507277418875674,10.966005127976295
8,923,-3129.541231707093630,-3139.420335497858559,9.879103790765056
8,923,-3129.541185249949649,-3138.435733452304248,8.894548202354638
8,923,-3129.541147801916850,-3137.623842738822987,8.082694936905925
8,923,-3129.541130672633699,-3137.041229288820432,7.500098616186944
8,923,-3129.541137110484215,-3136.713366599206893,7.172229488722676
8,923,-3129.541162844334849,-3136.629048553755183,7.087885709420341
8,923,-3129.541199354862783,-3136.746401657605020,7.205202302742233
8,923,-3129.541237096636451,-3137.005946251229943,7.464709154593505
8,923,-3129.541268241078797,-3137.345376969934478,7.804108728855827
8,923,-3129.541288206427453,-3137.712011685026482,8.170723478599097
8,923,-3129.541295868914403,-3138.070477806640611,8.529181937726175
8,923,-3129.541293457763913,-3138.404768070246064,8.863474612482285
8,923,-3129.541284653611910,-3138.715412614535126,9.174127960923016
8,923,-3129.541273327633007,-3139.013884003318708,9.472610675685637
8,923,-3129.541262088949679,-3139.316761590262104,9.775499501312586
8,923,-3129.541252653712945,-3139.641293842147206,10.100041188434133
8,923,-3129.541246349101129,-3140.002445070711474,10.461198721610355
8,923,-3129.541244395417834,-3140.410574847295720,10.869330451877740
8,923,-3129.541247968787957,-3140.869235035850579,11.327987067062526
8,923,-3129.541256990007696,-3141.373589201124105,11.832332211116395
8,923,-3129.541270001749581,-3141.910512889428901,12.369242887679238
8,923,-3129.541284268334948,-3142.460951621118511,12.919667352783595
8,923,-3129.541296923734080,-3143.004035291850869,13.462738368116575
8,923,-3129.541305632167223,-3143.521627738165989,13.980322105998967
8,923,-3129.541309198624731,-3144.001964859732652,14.460655661107708
8,923,-3129.541307427707579,-3144.441659923764746,14.900352496057256
8,923,-3129.541300941711143,-3144.846080691695533,15.304779749984398
8,923,-3129.541290869158274,-3145.228443157791844,15.687152288633790
8,923,-3129.541279141997620,-3145.607843892374603,16.066564750376784
8,923,-3129.541268408940141,-3146.006162427892377,16.464894018952158
8,923,-3129.541262079824719,-3146.443719884383427,16.902457804558644
8,923,-3129.541263675939717,-3146.933978096069950,17.392714420130147
8,923,-3129.541275545509507,-3147.478249983722890,17.936974438213472
8,923,-3129.541298479633952,-3148.061932678279845,18.520634198645975
8,923,-3129.541330374735480,-3148.653754705363554,19.112424330628109
8,923,-3129.541367165496467,-3149.208859001544170,19.667491836047823
8,923,-3129.541403142421132,-3149.675453790723168,20.134050648302004
8,923,-3129.541432447504121,-3150.003672500372431,20.462240052868260
8,923,-3129.541450863393948,-3150.154512864198750,20.613062000804664
8,923,-3129.541456453573574,-3150.106538451630513,20.565081998057110
8,923,-3129.541450112387338,-3149.858632540900544,20.317182428513249
8,923,-3129.541434696912802,-3149.428501718277857,19.887067021365205
8,923,-3129.541413309139443,-3148.848348573839758,19.306935264700201
8,923,-3129.541387805872546,-3148.160104400045839,18.618716594173499
8,923,-3129.541359699998793,-3147.411887636698793,17.870527936699872
8,923,-3129.541331397577778,-3146.655211301965210,17.113879904387431
8,923,-3129.541307598571620,-3145.940755415998865,16.399447817427401
8,923,-3129.541294143072719,-3145.311200719175304,15.769906576102503
8,923,-3129.541295180008092,-3144.792600618606230,15.251305438598232
8,923,-3129.541310333487672,-3144.388464571865825,14.847154238378014
8,923,-3129.541334361853387,-3144.080466467175484,14.539132105321883
8,923,-3129.541359124838891,-3143.836456538996572,14.295097414157471
8,923,-3129.541376959436093,-3143.622747766848079,14.081370807411970
8,923,-3129.541383422587387,-3143.415794421153805,13.874410998566452
8,923,-3129.541379077479178,-3143.208844025147300,13.667464947668323
8,923,-3129.541368564683125,-3143.011293303198727,13.469924738515402
8,923,-3129.541358032631706,-3142.841710743685780,13.300352711054297
8,923,-3129.541351651940204,-3142.718693704323414,13.177342052383064
8,923,-3129.541349694296969,-3142.654700471877277,13.113350777580145
8,923,-3129.541350226292252,-3142.655241330421177,13.113891104128847
8,923,-3129.541351712277446,-3142.721360479055875,13.180008766778204
8,923,-3129.541354239478551,-3142.851609003583690,13.310254764105006
8,923,-3129.541358128454704,-3143.042111151968129,13.500753023513292
8,923,-3129.541363201718923,-3143.286149523898075,13.744786322178964
8,923,-3129.541369398387815,-3143.574388942557562,14.033019544169536
8,923,-3129.541377295859093,-3143.895032768574310,14.353655472715024
8,923,-3129.541387450211460,-3144.233215501149971,14.691828050938444
8,923,-3129.541399165077564,-3144.570475063724189,15.029075898646726
8,923,-3129.541410485042434,-3144.885747342201284,15.344336857159062
8,923,-3129.541418557566431,-3145.158445151554588,15.617026593988244
8,923,-3129.541420361243581,-3145.372991358530271,15.831570997286502
8,923,-3129.541414221058858,-3145.523377834048006,15.981963612989118
8,923,-3129.541400159845125,-3145.616023803306234,16.074623643461017
8,923,-3129.541380689040579,-3145.669545598849254,16.128164909808572
8,923,-3129.541360074220847,-3145.710961675002181,16.169601600781505
8,923,-3129.541343620400767,-3145.768941820083455,16.227598199682792
8,923,-3129.541336044546370,-3145.865601733549283,16.324265689002740
8,923,-3129.541340268549448,-3146.009022324538364,16.467682055989137
8,923,-3129.541355696287610,-3146.189034105723749,16.647678409436207
8,923,-3129.541377890076546,-3146.378411948166558,16.837034058089920
8,923,-3129.541399328720217,-3146.540098334781760,16.998699006061621
8,923,-3129.541412207033318,-3146.638754856826381,17.097342649793159
8,923,-3129.541411286180391,-3146.652825168392610,17.111413882212403
8,923,-3129.541396128306133,-3146.582480499647318,17.041084371341217
8,923,-3129.541371785656793,-3146.449957229092433,16.908585443435445
8,923,-3129.541346568971221,-3146.291739031574252,16.750392462602974
8,923,-3129.541328798878112,-3146.145603886095159,16.604275087217218
8,923,-3129.541323155598093,-3146.037859063325868,16.496535907727718
8,923,-3129.541329576217777,-3145.975762353654773,16.434432777436871
8,923,-3129.541343859301833,-3145.947393443530473,16.406049584228420
8,923,-3129.541360300801898,-3145.927745440237231,16.386385139435223
8,923,-3129.541373995629328,-3145.887458945531307,16.346084949902007
8,923,-3129.541382222811535,-3145.800512722309577,16.259130499498056
8,923,-3129.541383937407772,-3145.648952287868724,16.107568350460927
8,923,-3129.541379166188108,-3145.424836964823498,15.883457798635451
8,923,-3129.541368503712420,-3145.130478536835653,15.589110033123207
8,923,-3129.541353461038852,-3144.777500991507623,15.236147530468683
8,923,-3129.541336683043482,-3144.384420303878869,14.843083620835374
8,923,-3129.541321301478547,-3143.972601508483422,14.431280207004807
8,923,-3129.541309555706903,-3143.561608142446858,14.020298586739766
8,923,-3129.541301783874133,-3143.165872832413697,13.624571048539455
8,923,-3129.541296613023860,-3142.794167698265483,13.252871085241523
8,923,-3129.541291862458365,-3142.451740731373320,12.910448868915026
8,923,-3129.541286089428013,-3142.143473106000783,12.602187016572831
8,923,-3129.541279334642695,-3141.876059443793565,12.334780109150810
8,923,-3129.541272949037193,-3141.658061640671804,12.116788691634538
8,923,-3129.541268681990459,-3141.497999324535613,11.956730642545082
8,923,-3129.541268003624282,-3141.401600396034155,11.860332392409990
8,923,-3129.541271693072758,-3141.369480099665452,11.828208406592470
8,923,-3129.541279827715243,-3141.395919651994518,11.854639824279285
8,923,-3129.541292225309007,-3141.468659444147306,11.927367218838201
8,923,-3129.541307948033136,-3141.569401956571255,12.028094008538178
8,923,-3129.541325374942062,-3141.675183559011202,12.133858184069050
8,923,-3129.541341444694808,-3141.761276200193606,12.219934755498709
8,923,-3129.541352091934186,-3141.806037206115434,12.264685114181432
8,923,-3129.541353595319833,-3141.797018858471347,12.255665263151354
8,923,-3129.541344225528974,-3141.736393424320795,12.195049198791995
8,923,-3129.541325564570798,-3141.643216627582660,12.101891063011768
8,923,-3129.541302651046408,-3141.550671741134920,12.009369090088565
8,923,-3129.541282730876901,-3141.498091300449232,11.956808569572502
8,923,-3129.541272862707501,-3141.519693923793511,11.978421061086141
8,923,-3129.541277481846009,-3141.633693629852587,12.092416148006791
8,923,-3129.541296509423319,-3141.835787629751394,12.294491120327852
8,923,-3129.541324930595692,-3142.099661616033700,12.558336685438002
8,923,-3129.541354863875767,-3142.384648188616666,12.843293324740937
8,923,-3129.541377838930657,-3142.648091535334061,13.106713696403396
8,923,-3129.541388094508875,-3142.858234954590444,13.316846860081689
8,923,-3129.541384242175809,-3143.003174621926973,13.461790379751093
8,923,-3129.541369513612608,-3143.092946858445430,13.551577344832950
8,923,-3129.541349822562097,-3143.154701101564569,13.613351279002462
8,923,-3129.541331075954076,-3143.223710049947840,13.682378973993726
8,923,-3129.541317858462207,-3143.333983843024726,13.792665984562721
8,923,-3129.541312929340165,-3143.511034310527975,13.969721381187870
8,923,-3129.541317917250581,-3143.767252282693789,14.225934365443123
8,923,-3129.541333234212289,-3144.099341995819486,14.558008761607375
8,923,-3129.541357240580510,-3144.487891238315569,14.946533997735058
8,923,-3129.541385712976989,-3144.900142549007796,15.358756836030995
8,923,-3129.541412734776259,-3145.296635620858979,15.755222886082587
8,923,-3129.541432722472109,-3145.640368109312476,16.098935386840232
8,923,-3129.541442954898685,-3145.905162555264724,16.363719600365989
8,923,-3129.541443857633567,-3146.080039581564506,16.538595723930868
8,923,-3129.541437726980348,-3146.168792228510483,16.627354501530078
8,923,-3129.541426845583374,-3146.186674231433244,16.645247385849714
8,923,-3129.541412272393245,-3146.156990915407277,16.615578643014196
8,923,-3129.541394547129585,-3146.109059189980144,16.567664642850463
8,923,-3129.541375463457825,-3146.076771675112923,16.535396211655215
8,923,-3129.541359727566487,-3146.095251696305240,16.553891968738604
8,923,-3129.541355219558682,-3146.193018598595700,16.651663379037146
8,923,-3129.541369015658802,-3146.380108389855195,16.838739374196486
8,923,-3129.541401224571473,-3146.638104785820360,17.096703561248987
8,923,-3129.541442391174769,-3146.920723092930530,17.379280701755562
8,923,-3129.541478305146029,-3147.168183725409108,17.626705420263303
8,923,-3129.541498065183077,-3147.328605413172227,17.787107347989313
8,923,-3129.541498750231312,-3147.374782736802445,17.833283986571040
8,923,-3129.541485428364922,-3147.308794175240564,17.767308746875536
8,923,-3129.541466746502010,-3147.154773217075672,17.613306470573875
8,923,-3129.541450567775428,-3146.945711087182644,17.404260519407011
8,923,-3129.541441319289333,-3146.711147012494621,17.169705693205223
8,923,-3129.541439777829510,-3146.469936470556604,16.928496692726974
8,923,-3129.541444509130997,-3146.228511534482550,16.687067025351769
16,923,-3129.540813137607529,-3129.545342113756760,0.004528976149170
16,923,-3129.540855793305582,-3130.081887631428799,0.541031838123442
16,923,-3129.540960719555187,-3131.447155810945333,1.906195091390015
16,923,-3129.541106157558261,-3133.475986745971568,3.934880588413328
16,923,-3129.541265299007591,-3135.938218067264643,6.396952768257218
16,923,-3129.541410940496462,-3138.581737411544964,9.040326471048440
16,923,-3129.541521440466113,-3141.175182025204322,11.633660584738356
16,923,-3129.541584697136386,-3143.541727523157078,14.000142826020468
16,923,-3129.541600489840675,-3145.577754787854246,16.036154298013720
16,923,-3129.541581467415199,-3147.252443008734190,17.710861541318835
16,923,-3129.541548131642685,-3148.588283772694922,19.046735641052408
16,923,-3129.541519934597545,-3149.629625872569704,20.088105937972379
16,923,-3129.541504941500534,-3150.413514733244483,20.872009791744112
16,923,-3129.541497629786136,-3150.957207282225681,21.415709652439531
16,923,-3129.541483997268188,-3151.266656194065490,21.725172196797310
16,923,-3129.541453113953139,-3151.356750749310777,21.815297635357531
16,923,-3129.541404092736684,-3151.267875097635169,21.726471004898336
16,923,-3129.541345779006861,-3151.068144820277212,21.526799041270444
16,923,-3129.541291100681974,-3150.841017427012503,21.299726326330337
16,923,-3129.541250833476624,-3150.665944532341200,21.124693698864498
16,923,-3129.541230727217226,-3150.601259300652600,21.060028573435513
16,923,-3129.541231659165987,-3150.674647024391106,21.133415365225069
16,923,-3129.541250990817389,-3150.881396912146101,21.340145921328588
16,923,-3129.541284698705567,-3151.187764974047241,21.646480275341602
16,923,-3129.541328134483138,-3151.536933611712811,21.995605477229816
16,923,-3129.541375626845365,-3151.856596380314841,22.315220753469397
16,923,-3129.541420355736591,-3152.068268438214545,22.526848082478132
16,923,-3129.541454896733740,-3152.098363709179466,22.556908812445780
16,923,-3129.541472176689240,-3151.890213380413115,22.348741203724060
16,923,-3129.541467587766874,-3151.415061268195132,21.873593680428094
16,923,-3129.541440795382641,-3150.679101622876260,21.137660827493562
16,923,-3129.541397319619591,-3149.723387244103833,20.181989924484128
16,923,-3129.541348331158133,-3148.614657837699269,19.073309506541086
16,923,-3129.541306710666049,-3147.428181912765467,17.886875202099354
16,923,-3129.541282669703378,-3146.227672829541916,16.686390159838425
16,923,-3129.541278827476162,-3145.049981957670752,15.508703130194519
16,923,-3129.541288377113233,-3143.901429378101511,14.360141000988396
16,923,-3129.541298351956812,-3142.767968305984141,13.226669954027169
16,923,-3129.541295395558336,-3141.634940285573975,12.093644890015682
16,923,-3129.541272290899542,-3140.507277418875674,10.966005127976310
16,923,-3129.541231707093175,-3139.420335497858105,9.879103790765070
16,923,-3129.541185249949649,-3138.435733452304248,8.894548202354652
16,923,-3129.541147801916395,-3137.623842738822532,8.082694936905941
16,923,-3129.541130672633699,-3137.041229288820432,7.500098616186960
16,923,-3129.541137110484215,-3136.713366599206893,7.172229488722692
16,923,-3129.541162844334849,-3136.629048553755183,7.087885709420357
16,923,-3129.541199354863238,-3136.746401657605475,7.205202302742251
16,923,-3129.541237096636451,-3137.005946251229943,7.464709154593525
16,923,-3129.541268241078797,-3137.345376969934478,7.804108728855851
16,923,-3129.541288206427453,-3137.712011685026482,8.170723478599129
16,923,-3129.541295868913949,-3138.070477806640156,8.529181937726209
16,923,-3129.541293457764368,-3138.404768070246519,8.863474612482319
16,923,-3129.541284653611910,-3138.715412614535126,9.174127960923052
16,923,-3129.541273327633007,-3139.013884003318708,9.472610675685665
16,923,-3129.541262088949679,-3139.316761590262104,9.775499501312616
16,923,-3129.541252653712945,-3139.641293842147206,10.100041188434160
16,923,-3129.541246349101584,-3140.002445070711929,10.461198721610376
16,923,-3129.541244395417380,-3140.410574847295265,10.869330451877762
16,923,-3129.541247968787957,-3140.869235035850579,11.327987067062548
16,923,-3129.541256990007241,-3141.373589201123650,11.832332211116420
16,923,-3129.541270001749581,-3141.910512889428901,12.369242887679267
16,923,-3129.541284268334948,-3142.460951621118511,12.919667352783627
16,923,-3129.541296923733626,-3143.004035291850414,13.462738368116613
16,923,-3129.541305632166768,-3143.521627738165989,13.980322105999011
16,923,-3129.541309198624731,-3144.001964859732652,14.460655661107753
16,923,-3129.541307427708489,-3144.441659923765656,14.900352496057302
16,923,-3129.541300941711143,-3144.846080691695533,15.304779749984441
16,923,-3129.541290869157820,-3145.228443157791844,15.687152288633833
16,923,-3129.541279141998075,-3145.607843892375058,16.066564750376820
16,923,-3129.541268408939686,-3146.006162427891923,16.464894018952197
16,923,-3129.541262079824719,-3146.443719884383427,16.902457804558672
16,923,-3129.541263675939717,-3146.933978096069950,17.392714420130169
16,923,-3129.541275545509507,-3147.478249983722890,17.936974438213490
16,923,-3129.541298479633497,-3148.061932678279391,18.520634198645983
16,923,-3129.541330374735026,-3148.653754705363099,19.112424330628116
16,923,-3129.541367165496467,-3149.208859001544170,19.667491836047827
16,923,-3129.541403142421132,-3149.675453790723168,20.134050648302008
16,923,-3129.541432447504121,-3150.003672500372431,20.462240052868268
16,923,-3129.541450863393948,-3150.154512864198750,20.613062000804675
16,923,-3129.541456453573574,-3150.106538451630513,20.565081998057128
16,923,-3129.541450112386883,-3149.858632540900089,20.317182428513277
16,923,-3129.541434696912802,-3149.428501718277857,19.887067021365244
16,923,-3129.541413309138989,-3148.848348573839303,19.306935264700250
16,923,-3129.541387805872546,-3148.160104400046293,18.618716594173563
16,923,-3129.541359699998793,-3147.411887636698793,17.870527936699951
16,923,-3129.541331397577778,-3146.655211301965210,17.113879904387517
16,923,-3129.541307598571620,-3145.940755415998865,16.399447817427472
16,923,-3129.541294143072719,-3145.311200719175304,15.769906576102553
16,923,-3129.541295180008092,-3144.792600618606230,15.251305438598258
16,923,-3129.541310333487218,-3144.388464571865370,14.847154238378019
16,923,-3129.541334361852932,-3144.080466467175029,14.539132105321876
16,923,-3129.541359124838891,-3143.836456538996572,14.295097414157460
16,923,-3129.541376959436093,-3143.622747766848079,14.081370807411965
16,923,-3129.541383422587387,-3143.415794421153805,13.874410998566455
16,923,-3129.541379077478723,-3143.208844025146846,13.667464947668336
16,923,-3129.541368564683125,-3143.011293303198727,13.469924738515420
16,923,-3129.541358032630797,-3142.841710743685326,13.300352711054323
16,923,-3129.541351651940204,-3142.718693704323414,13.177342052383093
16,923,-3129.541349694296969,-3142.654700471877277,13.113350777580171
16,923,-3129.541350226291797,-3142.655241330420722,13.113891104128868
16,923,-3129.541351712277446,-3142.721360479055875,13.180008766778217
16,923,-3129.541354239478096,-3142.851609003583235,13.310254764105013
16,923,-3129.541358128454704,-3143.042111151968129,13.500753023513296
16,923,-3129.541363201719378,-3143.286149523898530,13.744786322178964
16,923,-3129.541369398388269,-3143.574388942558016,14.033019544169532
16,923,-3129.541377295858183,-3143.895032768573401,14.353655472715021
16,923,-3129.541387450211460,-3144.233215501149971,14.691828050938440
16,923,-3129.541399165077110,-3144.570475063723734,15.029075898646731
16,923,-3129.541410485041524,-3144.885747342200830,15.344336857159083
16,923,-3129.541418557566431,-3145.158445151554588,15.617026593988291
16,923,-3129.541420361243581,-3145.372991358530271,15.831570997286574
16,923,-3129.541414221058858,-3145.523377834048006,15.981963612989219
16,923,-3129.541400159845125,-3145.616023803306234,16.074623643461145
16,923,-3129.541380689041034,-3145.669545598849709,16.128164909808717
16,923,-3129.541360074220393,-3145.710961675002181,16.169601600781657
16,923,-3129.541343620400312,-3145.768941820083455,16.227598199682934
16,923,-3129.541336044546370,-3145.865601733549283,16.324265689002864
16,923,-3129.541340268548993,-3146.009022324538364,16.467682055989240
16,923,-3129.541355696287155,-3146.189034105723294,16.647678409436288
16,923,-3129.541377890076092,-3146.378411948166104,16.837034058089976
16,923,-3129.541399328720672,-3146.540098334782215,16.998699006061656
16,923,-3129.541412207033773,-3146.638754856826836,17.097342649793180
16,923,-3129.541411286179937,-3146.652825168392155,17.111413882212421
16,923,-3129.541396128306133,-3146.582480499647318,17.041084371341242
16,923,-3129.541371785656793,-3146.449957229092433,16.908585443435484
16,923,-3129.541346568970312,-3146.291739031573343,16.750392462603028
16,923,-3129.541328798877203,-3146.145603886094705,16.604275087217278
16,923,-3129.541323155597638,-3146.037859063325413,16.496535907727790
16,923,-3129.541329576217777,-3145.975762353654773,16.434432777436950
16,923,-3129.541343859302287,-3145.947393443530927,16.406049584228494
16,923,-3129.541360300801898,-3145.927745440237231,16.386385139435276
16,923,-3129.541373995629328,-3145.887458945531307,16.346084949902043
16,923,-3129.541382222811535,-3145.800512722309577,16.259130499498063
16,923,-3129.541383937407318,-3145.648952287868269,16.107568350460912
16,923,-3129.541379166188108,-3145.424836964823498,15.883457798635424
16,923,-3129.541368503712420,-3145.130478536835653,15.589110033123180
16,923,-3129.541353461038398,-3144.777500991507168,15.236147530468672
16,923,-3129.541336683043482,-3144.384420303878869,14.843083620835383
16,923,-3129.541321301478092,-3143.972601508482967,14.431280207004836
16,923,-3129.541309555705993,-3143.561608142445948,14.020298586739809
16,923,-3129.541301783874133,-3143.165872832413697,13.624571048539512
16,923,-3129.541296613024315,-3142.794167698265937,13.252871085241578
16,923,-3129.541291862458365,-3142.451740731373320,12.910448868915076
16,923,-3129.541286089428013,-3142.143473106000783,12.602187016572874
16,923,-3129.541279334642695,-3141.876059443793565,12.334780109150840
16,923,-3129.541272949037193,-3141.658061640671804,12.116788691634557
16,923,-3129.541268681990459,-3141.497999324535613,11.956730642545086
16,923,-3129.541268003623827,-3141.401600396033700,11.860332392409994
16,923,-3129.541271693072758,-3141.369480099665452,11.828208406592481
16,923,-3129.541279827715243,-3141.395919651994518,11.854639824279303
16,923,-3129.541292225309007,-3141.468659444147306,11.927367218838233
16,923,-3129.541307948032681,-3141.569401956570800,12.028094008538218
16,923,-3129.541325374942062,-3141.675183559011202,12.133858184069096
16,923,-3129.541341444694808,-3141.761276200193606,12.219934755498755
16,923,-3129.541352091933732,-3141.806037206115434,12.264685114181479
16,923,-3129.541353595319833,-3141.797018858471347,12.255665263151398
16,923,-3129.541344225528974,-3141.736393424320795,12.195049198792043
16,923,-3129.541325564570798,-3141.643216627582660,12.101891063011820
16,923,-3129.541302651046408,-3141.550671741134920,12.009369090088621
16,923,-3129.541282730876901,-3141.498091300449232,11.956808569572557
16,923,-3129.541272862707501,-3141.519693923793511,11.978421061086200
16,923,-3129.541277481845100,-3141.633693629852132,12.092416148006848
16,923,-3129.541296509423319,-3141.835787629751394,12.294491120327898
16,923,-3129.541324930596147,-3142.099661616034155,12.558336685438039
16,923,-3129.541354863875767,-3142.384648188616666,12.843293324740966
16,923,-3129.541377838930202,-3142.648091535333606,13.106713696403418
16,923,-3129.541388094508420,-3142.858234954589989,13.316846860081718
16,923,-3129.541384242176264,-3143.003174621927428,13.461790379751141
16,923,-3129.541369513612608,-3143.092946858445430,13.551577344833031
16,923,-3129.541349822561642,-3143.154701101564115,13.613351279002590
16,923,-3129.541331075954076,-3143.223710049947840,13.682378973993902
16,923,-3129.541317858461753,-3143.333983843024726,13.792665984562943
16,923,-3129.541312929339711,-3143.511034310527975,13.969721381188119
16,923,-3129.541317917250581,-3143.767252282693789,14.225934365443372
16,923,-3129.541333234211834,-3144.099341995819486,14.558008761607592
16,923,-3129.541357240580510,-3144.487891238315569,14.946533997735228
16,923,-3129.541385712976080,-3144.900142549007342,15.358756836031107
16,923,-3129.541412734776259,-3145.296635620858979,15.755222886082636
16,923,-3129.541432722471654,-3145.640368109312021,16.098935386840232
16,923,-3129.541442954898230,-3145.905162555264269,16.363719600365968
16,923,-3129.541443857633112,-3146.080039581564051,16.538595723930854
16,923,-3129.541437726979893,-3146.168792228510029,16.627354501530085
16,923,-3129.541426845583374,-3146.186674231433244,16.645247385849753
16,923,-3129.541412272392336,-3146.156990915406823,16.615578643014281
16,923,-3129.541394547130039,-3146.109059189980599,16.567664642850602
16,923,-3129.541375463457371,-3146.076771675112923,16.535396211655396
16,923,-3129.541359727566487,-3146.095251696305240,16.553891968738810
16,923,-3129.541355219558227,-3146.193018598595700,16.651663379037338
16,923,-3129.541369015658347,-3146.380108389855195,16.838739374196628
16,923,-3129.541401224571018,-3146.638104785819905,17.096703561249061
16,923,-3129.541442391174769,-3146.920723092930530,17.379280701755565
16,923,-3129.541478305145574,-3147.168183725408653,17.626705420263256
16,923,-3129.541498065182623,-3147.328605413171772,17.787107347989249
16,923,-3129.541498750230858,-3147.374782736801990,17.833283986571001
16,923,-3129.541485428364922,-3147.308794175240564,17.767308746875564
16,923,-3129.541466746502010,-3147.154773217076126,17.613306470573967
16,923,-3129.541450567774973,-3146.945711087182190,17.404260519407174
16,923,-3129.541441319289333,-3146.711147012494621,17.169705693205433
16,923,-3129.541439777829510,-3146.469936470556604,16.928496692727208
16,923,-3129.541444509130542,-3146.228511534482550,16.687067025351990
27,923,-3129.540813137607984,-3129.545342113757215,0.004528976149170
27,923,-3129.540855793305582,-3130.081887631428799,0.541031838123442
27,923,-3129.540960719555642,-3131.447155810945787,1.906195091390016
27,923,-3129.541106157557806,-3133.475986745971113,3.934880588413329
27,923,-3129.541265299007591,-3135.938218067264643,6.396952768257218
27,923,-3129.541410940497371,-3138.581737411545873,9.040326471048440
27,923,-3129.541521440465658,-3141.175182025203867,11.633660584738356
27,923,-3129.541584697136386,-3143.541727523157078,14.000142826020468
27,923,-3129.541600489840675,-3145.577754787854246,16.036154298013717
27,923,-3129.541581467415199,-3147.252443008734190,17.710861541318835
27,923,-3129.541548131642230,-3148.588283772694467,19.046735641052404
27,923,-3129.541519934597545,-3149.629625872569704,20.088105937972379
27,923,-3129.541504941500534,-3150.413514733244483,20.872009791744112
27,923,-3129.541497629786136,-3150.957207282225681,21.415709652439528
27,923,-3129.541483997268188,-3151.266656194065490,21.725172196797310
27,923,-3129.541453113953139,-3151.356750749310777,21.815297635357531
27,923,-3129.541404092736684,-3151.267875097635169,21.726471004898332
27,923,-3129.541345779006406,-3151.068144820276757,21.526799041270436
27,923,-3129.541291100681974,-3150.841017427012503,21.299726326330330
27,923,-3129.541250833476624,-3150.665944532341200,21.124693698864494
27,923,-3129.541230727217226,-3150.601259300652600,21.060028573435503
27,923,-3129.541231659165533,-3150.674647024390651,21.133415365225062
27,923,-3129.541250990817844,-3150.881396912146556,21.340145921328578
27,923,-3129.541284698705567,-3151.187764974047241,21.646480275341595
27,923,-3129.541328134483138,-3151.536933611712811,21.995605477229809
27,923,-3129.541375626845365,-3151.856596380314841,22.315220753469390
27,923,-3129.541420355736591,-3152.068268438214545,22.526848082478121
27,923,-3129.541454896734194,-3152.098363709179921,22.556908812445769
27,923,-3129.541472176688785,-3151.890213380412661,22.348741203724053
27,923,-3129.541467587766874,-3151.415061268195132,21.873593680428094
27,923,-3129.541440795382641,-3150.679101622876260,21.137660827493558
27,923,-3129.541397319620046,-3149.723387244104288,20.181989924484128
27,923,-3129.541348331158133,-3148.614657837699269,19.073309506541090
27,923,-3129.541306710666049,-3147.428181912765467,17.886875202099354
27,923,-3129.541282669703378,-3146.227672829541916,16.686390159838425
27,923,-3129.541278827476162,-3145.049981957670752,15.508703130194521
27,923,-3129.541288377113688,-3143.901429378101966,14.360141000988396
27,923,-3129.541298351956812,-3142.767968305984141,13.226669954027171
27,923,-3129.541295395558336,-3141.634940285573975,12.093644890015680
27,923,-3129.541272290899542,-3140.507277418875674,10.966005127976306
27,923,-3129.541231707093630,-3139.420335497858559,9.879103790765063
27,923,-3129.541185249950104,-3138.435733452304703,8.894548202354645
27,923,-3129.541147801916395,-3137.623842738822532,8.082694936905934
27,923,-3129.541130672634154,-3137.041229288820887,7.500098616186956
27,923,-3129.541137110484215,-3136.713366599206893,7.172229488722691
27,923,-3129.541162844334849,-3136.629048553755183,7.087885709420357
27,923,-3129.541199354863238,-3136.746401657605475,7.205202302742252
27,923,-3129.541237096636451,-3137.005946251229943,7.464709154593526
27,923,-3129.541268241078797,-3137.345376969934478,7.804108728855851
27,923,-3129.541288206427453,-3137.712011685026482,8.170723478599127
27,923,-3129.541295868914403,-3138.070477806640611,8.529181937726207
27,923,-3129.541293457763913,-3138.404768070246064,8.863474612482317
27,923,-3129.541284653611910,-3138.715412614535126,9.174127960923048
27,923,-3129.541273327633007,-3139.013884003318708,9.472610675685665
27,923,-3129.541262088949679,-3139.316761590262104,9.775499501312614
27,923,-3129.541252653712945,-3139.641293842147206,10.100041188434162
27,923,-3129.541246349101584,-3140.002445070711929,10.461198721610380
27,923,-3129.541244395417834,-3140.410574847295720,10.869330451877765
27,923,-3129.541247968787957,-3140.869235035850579,11.327987067062551
27,923,-3129.541256990007241,-3141.373589201123650,11.832332211116420
27,923,-3129.541270001749581,-3141.910512889428901,12.369242887679263
27,923,-3129.541284268334948,-3142.460951621118511,12.919667352783616
27,923,-3129.541296923733626,-3143.004035291850414,13.462738368116597
27,923,-3129.541305632167223,-3143.521627738165989,13.980322105998992
27,923,-3129.541309198624731,-3144.001964859732652,14.460655661107733
27,923,-3129.541307427707579,-3144.441659923764746,14.900352496057277
27,923,-3129.541300941711597,-3144.846080691695988,15.304779749984418
27,923,-3129.541290869157365,-3145.228443157791389,15.687152288633806
27,923,-3129.541279141997620,-3145.607843892374603,16.066564750376795
27,923,-3129.541268408939686,-3146.006162427891923,16.464894018952169
27,923,-3129.541262079824719,-3146.443719884383427,16.902457804558644
27,923,-3129.541263675939717,-3146.933978096069950,17.392714420130140
27,923,-3129.541275545509507,-3147.478249983722890,17.936974438213465
27,923,-3129.541298479633952,-3148.061932678279845,18.520634198645965
27,923,-3129.541330374735026,-3148.653754705363099,19.112424330628102
27,923,-3129.541367165496922,-3149.208859001544624,19.667491836047823
27,923,-3129.541403142421132,-3149.675453790723168,20.134050648302004
27,923,-3129.541432447504576,-3150.003672500372886,20.462240052868264
27,923,-3129.541450863393948,-3150.154512864198750,20.613062000804671
27,923,-3129.541456453573574,-3150.106538451630513,20.565081998057114
27,923,-3129.541450112386428,-3149.858632540899634,20.317182428513256
27,923,-3129.541434696912802,-3149.428501718277857,19.887067021365208
27,923,-3129.541413309138989,-3148.848348573839303,19.306935264700204
27,923,-3129.541387805873001,-3148.160104400046293,18.618716594173506
27,923,-3129.541359699998793,-3147.411887636698793,17.870527936699883
27,923,-3129.541331397577324,-3146.655211301964755,17.113879904387446
27,923,-3129.541307598572075,-3145.940755415999320,16.399447817427411
27,923,-3129.541294143072719,-3145.311200719175304,15.769906576102507
27,923,-3129.541295180009001,-3144.792600618607139,15.251305438598228
27,923,-3129.541310333487672,-3144.388464571865825,14.847154238378000
27,923,-3129.541334361853842,-3144.080466467175484,14.539132105321862
27,923,-3129.541359124839346,-3143.836456538996572,14.295097414157445
27,923,-3129.541376959436548,-3143.622747766848534,14.081370807411940
27,923,-3129.541383422586932,-3143.415794421153350,13.874410998566418
27,923,-3129.541379077478723,-3143.208844025146846,13.667464947668282
27,923,-3129.541368564684035,-3143.011293303199182,13.469924738515354
27,923,-3129.541358032631251,-3142.841710743685326,13.300352711054238
27,923,-3129.541351651940204,-3142.718693704323414,13.177342052382992
27,923,-3129.541349694297423,-3142.654700471877277,13.113350777580063
27,923,-3129.541350226292252,-3142.655241330421177,13.113891104128761
27,923,-3129.541351712277901,-3142.721360479055875,13.180008766778133
27,923,-3129.541354239478096,-3142.851609003583235,13.310254764104952
27,923,-3129.541358128455158,-3143.042111151968584,13.500753023513258
27,923,-3129.541363201719378,-3143.286149523898530,13.744786322178941
27,923,-3129.541369398388724,-3143.574388942558016,14.033019544169507
27,923,-3129.541377295859547,-3143.895032768574310,14.353655472714983
27,923,-3129.541387450211460,-3144.233215501149971,14.691828050938394
27,923,-3129.541399165076655,-3144.570475063723279,15.029075898646683
27,923,-3129.541410485042434,-3144.885747342201284,15.344336857159037
27,923,-3129.541418557566431,-3145.158445151554588,15.617026593988243
27,923,-3129.541420361243581,-3145.372991358530271,15.831570997286521
27,923,-3129.541414221058858,-3145.523377834048006,15.981963612989144
27,923,-3129.541400159845125,-3145.616023803306234,16.074623643461035
27,923,-3129.541380689041034,-3145.669545598849709,16.128164909808561
27,923,-3129.541360074220847,-3145.710961675002181,16.169601600781462
27,923,-3129.541343620400767,-3145.768941820083455,16.227598199682703
27,923,-3129.541336044546824,-3145.865601733549283,16.324265689002623
27,923,-3129.541340268548993,-3146.009022324537909,16.467682055989009
27,923,-3129.541355696288065,-3146.189034105724204,16.647678409436089
27,923,-3129.541377890076092,-3146.378411948166104,16.837034058089834
27,923,-3129.541399328720672,-3146.540098334782215,16.998699006061571
27,923,-3129.541412207033773,-3146.638754856826836,17.097342649793141
27,923,-3129.541411286180391,-3146.652825168392610,17.111413882212403
27,923,-3129.541396128306133,-3146.582480499647318,17.041084371341217
27,923,-3129.541371785657248,-3146.449957229092888,16.908585443435431
27,923,-3129.541346568970766,-3146.291739031573798,16.750392462602932
27,923,-3129.541328798878112,-3146.145603886095159,16.604275087217147
27,923,-3129.541323155598093,-3146.037859063325868,16.496535907727630
27,923,-3129.541329576217322,-3145.975762353654318,16.434432777436783
27,923,-3129.541343859302287,-3145.947393443530473,16.406049584228349
27,923,-3129.541360300802353,-3145.927745440237686,16.386385139435173
27,923,-3129.541373995629783,-3145.887458945531762,16.346084949901993
27,923,-3129.541382222811535,-3145.800512722309577,16.259130499498070
27,923,-3129.541383937408227,-3145.648952287869179,16.107568350460959
27,923,-3129.541379166187653,-3145.424836964823044,15.883457798635483
27,923,-3129.541368503712420,-3145.130478536835653,15.589110033123221
27,923,-3129.541353461038852,-3144.777500991507623,15.236147530468669
27,923,-3129.541336683043482,-3144.384420303878869,14.843083620835330
27,923,-3129.541321301478092,-3143.972601508482967,14.431280207004736
27,923,-3129.541309555707358,-3143.561608142446858,14.020298586739681
27,923,-3129.541301783874133,-3143.165872832413697,13.624571048539380
27,923,-3129.541296613023860,-3142.794167698265483,13.252871085241468
27,923,-3129.541291862458820,-3142.451740731373775,12.910448868915001
27,923,-3129.541286089428468,-3142.143473106001238,12.602187016572833
27,923,-3129.541279334642695,-3141.876059443793565,12.334780109150831
27,923,-3129.541272949037648,-3141.658061640672258,12.116788691634568
27,923,-3129.541268681990005,-3141.497999324535158,11.956730642545102
27,923,-3129.541268003624282,-3141.401600396034155,11.860332392409994
27,923,-3129.541271693073213,-3141.369480099665452,11.828208406592452
27,923,-3129.541279827715243,-3141.395919651994518,11.854639824279250
27,923,-3129.541292225309007,-3141.468659444147306,11.927367218838157
27,923,-3129.541307948033591,-3141.569401956571710,12.028094008538137
27,923,-3129.541325374942062,-3141.675183559011202,12.133858184069021
27,923,-3129.541341444694808,-3141.761276200193606,12.219934755498699
27,923,-3129.541352091934186,-3141.806037206115434,12.264685114181443
27,923,-3129.541353595320288,-3141.797018858471802,12.255665263151387
27,923,-3129.541344225528519,-3141.736393424320340,12.195049198792045
27,923,-3129.541325564570798,-3141.643216627582660,12.101891063011818
27,923,-3129.541302651046863,-3141.550671741135375,12.009369090088597
27,923,-3129.541282730876901,-3141.498091300449232,11.956808569572502
27,923,-3129.541272862707956,-3141.519693923793966,11.978421061086099
27,923,-3129.541277481845555,-3141.633693629852132,12.092416148006695
27,923,-3129.541296509424228,-3141.835787629751849,12.294491120327706
27,923,-3129.541324930595692,-3142.099661616033700,12.558336685437819
27,923,-3129.541354863875767,-3142.384648188616666,12.843293324740735
27,923,-3129.541377838930657,-3142.648091535334061,13.106713696403190
27,923,-3129.541388094508875,-3142.858234954590444,13.316846860081515
27,923,-3129.541384242176264,-3143.003174621927428,13.461790379750971
27,923,-3129.541369513612608,-3143.092946858445430,13.551577344832895
27,923,-3129.541349822562097,-3143.154701101564569,13.613351279002474
27,923,-3129.541331075954076,-3143.223710049947840,13.682378973993789
27,923,-3129.541317858461753,-3143.333983843024726,13.792665984562804
27,923,-3129.541312929340165,-3143.511034310527975,13.969721381187952
27,923,-3129.541317917250581,-3143.767252282693789,14.225934365443178
27,923,-3129.541333234212289,-3144.099341995819486,14.558008761607381
27,923,-3129.541357240580055,-3144.487891238315115,14.946533997735015
27,923,-3129.541385712976535,-3144.900142549007342,15.358756836030908
27,923,-3129.541412734776713,-3145.296635620858979,15.755222886082473
27,923,-3129.541432722472564,-3145.640368109312476,16.098935386840115
27,923,-3129.541442954898230,-3145.905162555264269,16.363719600365890
27,923,-3129.541443857633567,-3146.080039581564506,16.538595723930793
27,923,-3129.541437726980348,-3146.168792228510483,16.627354501530007
27,923,-3129.541426845583828,-3146.186674231433244,16.645247385849633
27,923,-3129.541412272393245,-3146.156990915407277,16.615578643014086
27,923,-3129.541394547130039,-3146.109059189980599,16.567664642850332
27,923,-3129.541375463457371,-3146.076771675112468,16.535396211655065
27,923,-3129.541359727566942,-3146.095251696305240,16.553891968738462
27,923,-3129.541355219557772,-3146.193018598594790,16.651663379037046
27,923,-3129.541369015658802,-3146.380108389855195,16.838739374196443
27,923,-3129.541401224571928,-3146.638104785820815,17.096703561249011
27,923,-3129.541442391175224,-3146.920723092930984,17.379280701755633
27,923,-3129.541478305145574,-3147.168183725409108,17.626705420263391
27,923,-3129.541498065182623,-3147.328605413172227,17.787107347989384
27,923,-3129.541498750231312,-3147.374782736802445,17.833283986571079
27,923,-3129.541485428365377,-3147.308794175241019,17.767308746875536
27,923,-3129.541466746502010,-3147.154773217075672,17.613306470573828
27,923,-3129.541450567775883,-3146.945711087182644,17.404260519406936
27,923,-3129.541441319289333,-3146.711147012494621,17.169705693205131
27,923,-3129.541439777829510,-3146.469936470556604,16.928496692726888
27,923,-3129.541444509130542,-3146.228511534482095,16.687067025351713
